{"mse": [0.0, 0.0, 0.0, 0.0, 0.0, 0.0, 0.0, 0.0, 0.0, 0.0, 0.0, 0.0, 0.0, 0.0, 0.0, 0.0, 0.0, 0.0, 0.0, 0.0, 0.0, 0.0, 0.0, 0.0, 0.0, 0.0, 0.0, 0.0, 0.0, 0.0, 0.0, 0.0, 0.0, 0.0, 0.0, 0.0, 0.0, 0.0, 0.0, 0.0, 0.0, 0.0, 0.0, 0.0, 0.0, 0.0, 0.0, 0.0, 124.00750732421875, 170.79031372070312, 135.6162109375, 184.416748046875, 222.50442504882812, 140.2938232421875, 117.13896179199219, 205.10250854492188, 142.13885498046875, 97.00894165039062, 141.5541534423828, 161.51458740234375, 198.90512084960938, 135.60296630859375, 146.48924255371094, 172.20217895507812, 143.13189697265625, 129.99725341796875, 149.83795166015625, 115.25700378417969, 133.872802734375, 171.61886596679688, 134.27218627929688, 142.5846710205078, 129.7913818359375, 144.06198120117188, 102.48635864257812, 136.46640014648438, 99.77790832519531, 128.81393432617188, 110.4921875, 141.81114196777344, 123.06893920898438, 128.78472900390625, 141.23538208007812, 134.29232788085938, 137.319580078125, 133.36981201171875, 124.26026916503906, 155.28759765625, 130.8657989501953, 123.39707946777344, 118.98738098144531, 97.87979125976562, 150.45095825195312, 101.769287109375, 143.1573486328125, 139.24514770507812, 126.03268432617188, 100.9640884399414, 138.88946533203125, 116.40890502929688], "win delta": [1, 2, 1, 2, 1, 2, 3, 4, 3, 2, 3, 4, 5, 6, 7, 8, 9, 10, 11, 10, 11, 12, 13, 14, 13, 12, 13, 14, 15, 16, 17, 18, 19, 20, 21, 20, 21, 22, 23, 24, 25, 26, 27, 28, 27, 28, 27, 26, 27, 28, 29, 30, 31, 32, 31, 30, 29, 28, 27, 26, 27, 26, 25, 24, 23, 22, 21, 22, 21, 20, 19, 18, 17, 16, 15, 14, 13, 12, 11, 12, 11, 10, 9, 8, 7, 6, 5, 4, 3, 4, 3, 2, 1, 0, -1, -2, -1, 0, -1, -2]}